ID,trait,snp1_A/G,snp2_C/T,snp3_G/T
APID0001,-0.9095726,1,2,1
APID0002,-1.0428899,0,1,2
APID0003,-0.5647427,1,1,0
APID0004,0.2818978,1,0,1
APID0005,-1.119414,0,2,1
APID0006,-2.2882539,0,1,1
APID0007,-0.0172348,1,1,1
APID0008,-0.7849704,1,1,1
APID0009,0.47481762,1,0,1
APID0010,-0.3992529,1,1,0
APID0011,0.89015501,1,1,0
APID0012,0.92776006,1,1,1
APID0013,1.1286583,2,2,2
APID0014,-0.3987578,2,1,2
APID0015,0.48161952,0,2,1
APID0016,-1.3166229,1,1,1
APID0017,0.10866898,2,1,1
APID0018,-0.1265989,0,0,1
APID0019,-0.4505228,0,1,1
APID0020,0.843996,0,1,1
APID0021,-1.9758905,0,1,1
APID0022,0.19992272,0,1,1
APID0023,2.02458065,0,1,1
APID0024,0.36564733,1,1,0
APID0025,-0.6951974,1,2,0
APID0026,-1.6415359,2,2,0
APID0027,-1.2642128,1,1,1
APID0028,-0.6658864,1,2,1
APID0029,0.65051849,1,1,1
APID0030,1.28621274,1,1,2
APID0031,0.55783467,0,0,2
APID0032,1.00630751,1,2,1
APID0033,0.91348238,0,1,0
APID0034,0.68719193,0,1,1
APID0035,1.05863233,2,1,1
APID0036,1.50745625,0,1,1
APID0037,-1.8666279,1,1,1
APID0038,-0.2748455,0,1,1
APID0039,-2.176901,0,1,0
APID0040,-0.0984834,1,1,1
APID0041,-0.9132225,0,1,1
APID0042,-0.1028505,1,1,2
APID0043,-1.0596741,1,0,1
APID0044,-0.2590271,NA,0,1
APID0045,-0.3251313,0,2,0
APID0046,1.05351137,0,1,0
APID0047,0.12669934,0,1,0
APID0048,-1.786679,1,0,1
APID0049,-0.3346364,0,1,1
APID0050,-1.1656021,0,0,0
APID0051,0.99426214,2,1,1
APID0052,1.44325987,2,1,1
APID0053,1.19507486,2,1,2
APID0054,0.23087213,2,0,1
APID0055,0.42659904,1,0,1
APID0056,0.87739954,0,2,0
APID0057,0.19234547,0,0,0
APID0058,2.07803687,0,0,1
APID0059,-0.3729708,1,2,1
APID0060,1.03356618,0,2,0
APID0061,0.46082809,1,2,2
APID0062,-0.4550032,0,2,1
APID0063,-0.0765184,1,0,1
APID0064,-1.7809825,0,2,1
APID0065,0.03437495,1,1,0
APID0066,0.18215103,1,0,1
APID0067,-0.7902117,1,2,1
APID0068,-0.8929111,0,1,1
APID0069,-0.0902033,1,1,2
APID0070,0.0327901,1,0,0
APID0071,1.11179069,2,2,0
APID0072,0.42849464,2,1,1
APID0073,-0.2754738,1,0,1
APID0074,-0.7917686,1,1,0
APID0075,0.79758019,0,0,0
APID0076,1.8567418,0,0,2
APID0077,2.07711931,1,1,0
APID0078,1.12188811,1,0,1
APID0079,-1.8476035,1,1,1
APID0080,1.05550891,1,1,0
APID0081,-0.0632258,1,1,1
APID0082,-0.2639129,0,0,1
APID0083,-1.1306361,2,0,1
APID0084,0.36651903,2,0,2
APID0085,0.84032344,0,0,1
APID0086,-1.7098559,1,0,1
APID0087,0.2509333,1,1,0
APID0088,0.42475806,2,1,1
APID0089,-1.4051151,0,2,0
APID0090,1.10514941,0,1,0
APID0091,0.52384146,1,0,1
APID0092,-0.1584224,2,1,2
APID0093,-0.2724024,2,0,2
APID0094,1.59334666,0,0,0
APID0095,-0.5486336,0,0,1
APID0096,-0.1000877,0,1,0
APID0097,1.99065255,0,0,1
APID0098,0.93383933,1,0,1
APID0099,-0.4130643,1,1,0
APID0100,0.97609833,1,1,0
APID0101,-2.4035004,0,1,0
APID0102,-0.8404624,1,1,0
APID0103,-1.0421089,1,1,1
APID0104,0.00787343,0,1,0
APID0105,-0.268528,0,0,0
APID0106,0.05225864,1,0,0
APID0107,0.73639275,0,0,1
APID0108,-0.1326291,0,1,0
APID0109,-0.7536148,0,0,2
APID0110,-1.4687095,0,1,0
APID0111,-0.5224288,0,1,1
APID0112,-0.2533904,0,1,1
APID0113,0.65117383,2,0,1
APID0114,0.46429331,1,0,1
APID0115,1.17696088,1,1,0
APID0116,-0.1515404,1,1,1
APID0117,0.92124038,0,1,0
APID0118,-0.4922475,1,0,1
APID0119,-0.8897808,1,1,2
APID0120,0.16061596,1,0,0
APID0121,-0.1670844,1,0,2
APID0122,0.54740202,0,2,0
APID0123,0.7169586,1,0,2
APID0124,0.47541403,1,0,0
APID0125,1.7341579,1,0,0
APID0126,1.93712315,1,2,2
APID0127,1.16795274,2,1,1
APID0128,0.97123206,0,2,0
APID0129,-1.9401543,0,1,0
APID0130,-0.2074539,1,0,0
APID0131,-0.4653353,0,2,1
APID0132,-1.8991513,0,1,1
APID0133,-0.0071165,2,1,1
APID0134,1.00001956,1,0,0
APID0135,1.67076485,0,1,0
APID0136,-0.7579494,0,2,0
APID0137,-0.1667477,1,1,0
APID0138,-0.7383125,1,0,1
APID0139,-0.2140139,1,1,0
APID0140,-0.815809,0,1,2
APID0141,0.66142208,1,1,1
APID0142,1.31819095,2,2,0
APID0143,-0.60717,2,2,1
APID0144,0.79935545,0,1,0
APID0145,1.05681085,1,1,1
APID0146,2.76864632,2,1,0
APID0147,-0.1077661,1,2,0
APID0148,-1.2109787,0,2,1
APID0149,-0.5722901,1,2,2
APID0150,0.6809151,0,1,1
APID0151,-1.6676358,2,0,2
APID0152,0.61356809,0,0,0
APID0153,0.33121311,1,1,1
APID0154,-2.8482749,0,0,2
APID0155,1.77872839,0,0,1
APID0156,-1.5545202,0,2,0
APID0157,-1.4342598,1,1,1
APID0158,-1.4077105,0,1,1
APID0159,-0.6737973,2,1,2
APID0160,-1.9648546,1,2,1
APID0161,0.46390652,1,0,0
APID0162,0.30355823,2,1,1
APID0163,-0.1229983,1,2,0
APID0164,0.04601462,1,1,2
APID0165,0.1597477,2,0,0
APID0166,-1.4435169,0,1,1
APID0167,0.32527293,1,1,1
APID0168,0.94675166,1,0,1
APID0169,0.68224151,1,0,1
APID0170,-1.638071,0,1,2
APID0171,-0.7255058,1,1,1
APID0172,-0.1396764,2,2,1
APID0173,1.99070231,0,1,0
APID0174,-0.292807,1,2,0
APID0175,-0.7664137,1,1,1
APID0176,0.0736119,1,1,1
APID0177,-0.6638986,0,1,0
APID0178,1.02473779,1,0,1
APID0179,0.23505388,0,1,2
APID0180,1.20743686,0,0,0
APID0181,-1.1024068,0,0,1
APID0182,0.56692613,0,0,2
APID0183,-0.322322,0,0,0
APID0184,-0.5885411,0,1,1
APID0185,-1.3296725,2,1,0
APID0186,0.82064125,0,1,2
APID0187,-1.5752572,1,2,1
APID0188,-1.1153014,0,2,1
APID0189,1.29172129,1,0,0
APID0190,1.58422979,2,2,1
APID0191,0.74956061,0,1,1
APID0192,0.4733661,1,1,0
APID0193,-1.6281074,1,0,1
APID0194,1.73831423,1,0,2
APID0195,-1.2862565,1,1,0
APID0196,0.31534369,2,1,1
APID0197,0.45891817,1,2,1
APID0198,-1.4441985,0,1,2
APID0199,0.5528183,1,0,1
APID0200,0.09119491,2,0,0
APID0201,0.42535148,1,1,0
APID0202,0.59714328,1,1,1
APID0203,-0.6403432,2,1,1
APID0204,-1.0796489,1,0,1
APID0205,1.48879006,1,1,1
APID0206,-1.4425201,1,0,0
APID0207,0.63649432,2,1,2
APID0208,0.58872498,0,1,1
APID0209,-0.6557015,1,1,0
APID0210,0.27922761,1,1,0
APID0211,0.51887625,1,1,0
APID0212,-0.7912308,0,0,1
APID0213,-1.1192039,0,1,1
APID0214,-1.5800385,2,1,1
APID0215,-1.4157904,0,2,1
APID0216,0.00078827,0,1,0
APID0217,2.36840752,1,0,1
APID0218,2.14378284,1,1,2
APID0219,-0.957692,0,1,1
APID0220,0.06334301,1,1,1
APID0221,1.02441259,1,0,0
APID0222,-0.1481692,1,1,0
APID0223,0.32771468,0,0,2
APID0224,-0.0764597,1,0,0
APID0225,0.57275142,2,0,0
APID0226,1.38969923,0,0,1
APID0227,0.18636509,0,1,0
APID0228,-0.7089257,1,1,1
APID0229,-1.6528041,0,2,0
APID0230,0.46931918,1,0,1
APID0231,-1.2250489,1,1,0
APID0232,-1.0740717,1,1,0
APID0233,0.3039065,1,0,0
APID0234,0.9474172,2,1,2
APID0235,0.17378319,1,1,2
APID0236,-0.5066565,0,0,1
APID0237,0.3310562,1,0,1
APID0238,1.18163234,1,1,1
APID0239,0.44630919,0,2,1
APID0240,0.66559972,1,2,0
APID0241,-1.1657254,1,0,1
APID0242,-0.7980779,0,1,1
APID0243,1.46479331,1,1,1
APID0244,0.34803993,1,1,2
APID0245,-2.1011335,0,1,1
APID0246,-0.6341832,2,0,1
APID0247,-0.6482336,1,2,2
APID0248,-1.0991498,1,1,2
APID0249,0.43074831,0,1,1
APID0250,-1.0451866,0,1,1
APID0251,0.91618247,1,1,0
APID0252,-0.1648877,1,2,1
APID0253,-0.9298037,0,1,2
APID0254,-1.086102,1,2,1
APID0255,-0.3686736,0,0,0
APID0256,-0.1166024,1,1,0
APID0257,0.98817164,2,0,1
APID0258,-1.5726872,2,0,1
APID0259,0.68322395,1,2,0
APID0260,0.94868951,2,0,0
APID0261,0.38573806,1,1,0
APID0262,-1.9219898,1,1,1
APID0263,-0.8318482,2,1,2
APID0264,-1.3945724,1,1,1
APID0265,0.65810767,0,1,1
APID0266,1.85767873,0,1,0
APID0267,-1.8912918,1,2,2
APID0268,-0.5374281,0,1,1
APID0269,0.5213747,0,2,2
APID0270,0.14442904,1,2,1
APID0271,-1.091408,2,1,1
APID0272,1.13667076,2,1,0
APID0273,-1.7595846,0,1,0
APID0274,-0.4654726,1,0,1
APID0275,1.05001282,0,0,1
APID0276,0.39729662,0,1,1
APID0277,-1.2152236,0,1,1
APID0278,-0.0472373,0,1,2
APID0279,1.13773079,0,2,1
APID0280,-0.3041705,0,2,0
APID0281,0.00742563,0,0,1
APID0282,0.40937017,1,0,1
APID0283,0.07737051,0,2,0
APID0284,-2.1558331,1,0,1
APID0285,-0.8632323,1,0,1
APID0286,0.06299471,2,1,0
APID0287,1.78263108,1,0,0
APID0288,0.07288669,1,2,1
APID0289,0.58065269,1,0,1
APID0290,0.15154886,1,2,0
APID0291,-0.5296377,0,1,1
APID0292,0.05457191,1,0,1
APID0293,0.59174095,0,2,1
APID0294,0.25202635,1,1,1
APID0295,-0.6969627,2,1,1
APID0296,-0.2089702,2,1,1
APID0297,0.56846114,1,1,1
APID0298,0.76276373,1,0,0
APID0299,-0.7621771,0,2,0
APID0300,1.5850354,0,1,0
APID0301,-0.3162932,2,0,0
APID0302,-1.7649332,1,1,0
APID0303,0.03017496,1,2,1
APID0304,1.10307296,1,1,0
APID0305,-1.9580083,1,0,1
APID0306,-0.1906464,1,1,0
APID0307,-2.0819141,2,0,2
APID0308,-1.0410246,2,1,2
APID0309,0.08553616,1,1,1
APID0310,-1.4305423,0,2,1
APID0311,-1.3430833,1,2,1
APID0312,-1.3395898,1,1,1
APID0313,0.14596522,0,0,0
APID0314,-2.3317102,2,1,1
APID0315,0.38051424,0,1,0
APID0316,-0.8673923,1,0,1
APID0317,-0.4830001,2,2,2
APID0318,0.75170489,1,0,2
APID0319,-1.1461424,0,1,1
APID0320,1.2932744,0,1,1
APID0321,-0.2353174,1,1,0
APID0322,1.9239532,0,0,0
APID0323,-0.4327343,2,0,0
APID0324,-0.314924,1,0,0
APID0325,-0.6874732,2,0,2
APID0326,0.84338055,1,0,1
APID0327,-0.0089834,2,0,0
APID0328,-1.4249551,2,1,2
APID0329,0.03475874,1,1,2
APID0330,0.33044772,1,1,0
APID0331,-0.9268928,2,0,1
APID0332,0.75480875,0,0,1
APID0333,-0.7509266,0,0,2
APID0334,-1.4485058,2,1,0
APID0335,0.22665314,1,1,2
APID0336,-0.3031011,0,1,1
APID0337,-0.1925099,2,1,2
APID0338,-1.4525656,0,0,0
APID0339,0.33272458,1,1,1
APID0340,0.6349215,0,1,1
APID0341,-1.0041038,0,1,0
APID0342,-0.394503,1,0,0
APID0343,-0.2985805,1,0,0
APID0344,-0.9049526,1,0,1
APID0345,-0.130357,0,1,0
APID0346,0.5770701,0,1,1
APID0347,1.13173506,0,0,2
APID0348,-2.2071384,2,1,0
APID0349,-0.1254472,2,0,1
APID0350,-0.6585837,0,1,0
APID0351,-0.7394463,2,1,2
APID0352,-1.6622265,2,1,2
APID0353,-0.9894068,0,0,1
APID0354,0.13114599,1,0,1
APID0355,1.8906533,0,1,0
APID0356,-0.8033801,1,1,2
APID0357,0.22993097,0,0,0
APID0358,0.0661532,2,1,2
APID0359,1.0807395,1,1,0
APID0360,0.13655687,0,1,1
APID0361,0.21404619,0,0,1
APID0362,-1.0704499,1,1,1
APID0363,-0.404717,1,2,2
APID0364,-0.280121,0,0,2
APID0365,0.02078029,1,1,0
APID0366,0.36106803,1,0,0
APID0367,-1.7268823,0,1,2
APID0368,-0.0877122,0,1,2
APID0369,-0.5906496,0,2,1
APID0370,0.41420044,0,1,1
APID0371,0.70179186,0,1,0
APID0372,0.91105783,0,1,0
APID0373,-1.0689622,1,1,0
APID0374,-0.9699873,2,0,1
APID0375,0.41167934,2,0,2
APID0376,-0.0466629,0,1,0
APID0377,-1.7203942,0,1,0
APID0378,0.24756809,0,0,0
APID0379,-0.941905,0,0,1
APID0380,0.76148476,0,0,0
APID0381,1.50691876,0,2,2
APID0382,1.15970469,1,NA,2
APID0383,1.25117649,1,1,1
APID0384,-1.3391918,1,2,1
APID0385,-0.281935,1,1,1
APID0386,-2.7358019,1,2,2
APID0387,-2.0959329,2,1,1
APID0388,1.98508542,0,1,1
APID0389,0.74235785,0,0,0
APID0390,0.27571375,2,1,1
APID0391,-0.956978,1,1,1
APID0392,-0.335203,2,0,0
APID0393,1.11295933,1,1,0
APID0394,1.20971366,0,1,1
APID0395,-0.0814004,0,0,1
APID0396,-0.5452,2,2,1
APID0397,0.15109936,0,1,1
APID0398,-1.927114,1,1,1
APID0399,0.93438461,0,0,0
APID0400,0.46441231,1,1,2
APID0401,0.92203236,1,1,2
APID0402,0.00959319,1,0,0
APID0403,-1.480303,2,1,1
APID0404,0.85318269,0,2,1
APID0405,-0.0511789,0,1,0
APID0406,-0.1335342,0,1,0
APID0407,-0.8047832,0,1,1
APID0408,-0.4592852,1,1,1
APID0409,1.64280241,2,0,1
APID0410,0.32185813,1,1,1
APID0411,0.8532997,0,0,0
APID0412,0.88014175,2,2,0
APID0413,-1.0608255,2,2,2
APID0414,0.7692549,1,1,1
APID0415,-1.1181536,0,1,1
APID0416,-0.7735998,1,1,2
APID0417,0.65944967,0,1,0
APID0418,-0.9106545,1,1,0
APID0419,-0.7227374,1,1,1
APID0420,-0.3809501,0,0,1
APID0421,-0.999743,0,2,0
APID0422,-1.0673597,1,0,0
APID0423,-0.1398794,1,1,1
APID0424,1.01270464,1,0,2
APID0425,0.10712112,0,0,1
APID0426,-1.496102,0,NA,0
APID0427,-1.9222451,1,1,1
APID0428,-1.0428238,1,1,2
APID0429,-0.2166536,0,2,0
APID0430,-0.78864,0,0,1
APID0431,1.42219222,1,1,1
APID0432,0.39269437,1,1,2
APID0433,0.38016385,2,1,1
APID0434,-0.502858,1,1,2
APID0435,0.24974,2,1,1
APID0436,-0.8331135,1,0,1
APID0437,0.21911581,1,0,1
APID0438,0.46086695,1,0,1
APID0439,-0.0384045,1,0,1
APID0440,1.15075687,1,1,2
APID0441,1.60971398,2,1,0
APID0442,0.82667872,1,1,2
APID0443,-1.6169274,0,1,1
APID0444,-2.42578,1,1,2
APID0445,-0.0193372,1,1,0
APID0446,-0.4533979,1,0,0
APID0447,2.04511469,0,0,2
APID0448,1.5008019,0,1,2
APID0449,0.16720239,2,0,1
APID0450,-2.9500699,1,1,1
APID0451,-2.2627583,1,0,2
APID0452,0.75918747,1,0,1
APID0453,-2.2088379,1,1,2
APID0454,2.00597226,2,0,1
APID0455,-2.1477151,2,0,1
APID0456,0.03677183,0,1,1
APID0457,-0.3094352,1,2,0
APID0458,0.1118065,2,1,NA
APID0459,0.6923555,0,1,1
APID0460,-0.2469696,1,0,0
APID0461,1.51886176,1,0,1
APID0462,0.62366054,0,0,1
APID0463,1.58048532,1,0,2
APID0464,-0.4204745,1,2,1
APID0465,0.29339673,0,0,0
APID0466,-1.3097701,1,1,0
APID0467,2.3582987,0,1,1
APID0468,-0.3516887,2,0,1
APID0469,0.13302534,1,0,1
APID0470,-0.0260956,0,1,0
APID0471,-0.6282327,0,1,1
APID0472,-1.1082885,0,1,2
APID0473,-0.8807226,0,0,0
APID0474,0.93107043,1,2,1
APID0475,-0.3230481,1,1,1
APID0476,0.89969579,1,0,1
APID0477,-0.5533326,1,2,1
APID0478,-1.1812751,1,1,1
APID0479,0.92009,1,1,1
APID0480,0.17847477,1,2,0
APID0481,-1.086127,2,0,0
APID0482,-0.0712551,2,2,2
APID0483,0.1060419,1,1,1
APID0484,-0.7283567,0,1,2
APID0485,0.43213951,2,2,1
APID0486,1.66055136,0,0,1
APID0487,0.67603244,2,2,0
APID0488,0.08064494,0,1,1
APID0489,0.80967758,1,1,0
APID0490,0.54694543,1,1,2
APID0491,0.49559163,1,1,0
APID0492,-0.1364315,1,1,1
APID0493,-2.6650118,1,2,1
APID0494,-0.3306453,2,1,2
APID0495,0.36880928,1,1,0
APID0496,0.00736295,2,0,NA
APID0497,2.01943233,2,0,2
APID0498,-2.2156915,1,1,2
APID0499,-0.7868669,0,1,2
APID0500,-1.3847601,0,1,2
APID0501,-0.6622375,2,1,0
APID0502,1.036398,0,0,1
APID0503,2.03828446,1,0,1
APID0504,2.26374384,1,0,1
APID0505,0.58964362,0,0,1
APID0506,-0.8612993,0,0,1
APID0507,1.01053169,2,1,1
APID0508,0.72571259,1,1,0
APID0509,-1.0185851,1,1,1
APID0510,0.07218459,0,1,1
APID0511,1.77965992,0,0,1
APID0512,-1.2074539,1,0,1
APID0513,1.57723032,0,0,1
APID0514,0.32470268,2,0,1
APID0515,-0.8530412,1,0,0
APID0516,-0.0490973,1,0,0
APID0517,-0.9955961,0,0,1
APID0518,0.76994068,1,0,1
APID0519,-0.0981011,2,0,0
APID0520,-0.2862455,1,0,1
APID0521,-0.7211121,1,1,0
APID0522,1.34561102,1,1,0
APID0523,-1.035257,0,1,1
APID0524,-0.6139669,0,1,1
APID0525,-0.2301099,0,0,2
APID0526,0.6483549,1,1,2
APID0527,-0.6684469,1,0,2
APID0528,-0.4600363,0,1,0
APID0529,-2.5553956,0,2,1
APID0530,0.42331068,0,0,1
APID0531,1.62988531,0,0,2
APID0532,0.92427144,2,1,0
APID0533,-0.9993328,1,1,0
APID0534,0.48946598,1,0,1
APID0535,0.35232886,1,0,0
APID0536,-0.5162684,0,2,1
APID0537,-0.7204525,2,2,1
APID0538,1.32047559,2,1,1
APID0539,-0.7830719,1,0,1
APID0540,-0.663378,0,NA,0
APID0541,0.1928244,1,0,1
APID0542,0.44429484,2,1,0
APID0543,2.5850495,1,0,0
APID0544,-1.4481114,0,1,2
APID0545,-0.201374,2,0,2
APID0546,0.93702239,1,1,2
APID0547,-1.0910553,0,1,2
APID0548,0.02658461,0,2,0
APID0549,-0.6641872,1,1,1
APID0550,-0.9688525,2,2,1
APID0551,0.4595252,1,1,1
APID0552,-0.5371941,0,1,1
APID0553,0.0904786,1,0,2
APID0554,1.48116895,2,0,1
APID0555,-0.1734341,1,1,2
APID0556,0.07574394,1,0,1
APID0557,1.29158452,0,1,2
APID0558,-1.4490165,1,1,2
APID0559,0.24081943,1,0,0
APID0560,-0.0301272,1,1,1
APID0561,-1.2852057,1,0,0
APID0562,1.47175067,2,0,2
APID0563,-1.1691257,0,1,1
APID0564,0.33653588,1,1,1
APID0565,-1.6163834,1,2,0
APID0566,-0.022532,1,1,2
APID0567,-0.5633859,2,0,1
APID0568,-2.8640314,NA,2,0
APID0569,1.03606216,0,1,2
APID0570,0.47549933,1,1,1
APID0571,1.34062039,2,0,0
APID0572,-1.1288258,2,2,0
APID0573,-0.8357055,1,2,1
APID0574,-0.7886359,1,2,2
APID0575,-1.7465397,2,0,1
APID0576,-0.0409341,1,0,1
APID0577,-1.5506642,0,1,1
APID0578,0.63003232,2,0,0
APID0579,0.94154331,1,1,0
APID0580,-0.611497,2,1,0
APID0581,-0.4739014,0,1,1
APID0582,-0.6327517,2,2,1
APID0583,-0.317101,0,1,2
APID0584,-0.790959,0,2,2
APID0585,0.759482,1,2,2
APID0586,0.4861306,1,0,1
APID0587,0.03858,2,1,1
APID0588,-0.4910491,0,1,1
APID0589,-0.8509989,1,0,1
APID0590,-0.4813594,2,1,1
APID0591,-0.0994326,0,0,1
APID0592,-0.5147643,0,1,0
APID0593,0.37115127,2,0,1
APID0594,0.43364676,2,1,1
APID0595,0.08239,1,1,0
APID0596,-1.8593388,2,1,1
APID0597,-1.4936948,1,1,1
APID0598,-0.0703563,2,0,1
APID0599,-0.4876482,0,0,0
APID0600,-0.7979152,1,2,0
APID0601,-0.3312955,1,1,1
APID0602,-0.8764396,2,0,0
APID0603,0.23811439,0,1,1
APID0604,1.41140189,0,1,0
APID0605,0.04574989,1,1,1
APID0606,1.86324884,0,1,0
APID0607,1.16900063,0,1,0
APID0608,-1.204155,1,1,0
APID0609,-1.4743259,2,1,1
APID0610,-0.9190463,1,0,0
APID0611,1.70141668,0,2,0
APID0612,0.81226281,1,1,1
APID0613,-1.2608433,1,1,0
APID0614,2.03803546,0,1,1
APID0615,0.18827712,1,1,0
APID0616,2.00318008,2,1,0
APID0617,-0.1501691,0,NA,1
APID0618,2.42671693,1,1,0
APID0619,-0.3853686,1,0,2
APID0620,0.56250697,0,1,1
APID0621,0.35336758,1,0,1
APID0622,0.08249945,1,1,2
APID0623,0.12223892,1,2,1
APID0624,0.3443351,0,1,0
APID0625,-1.8460568,0,0,1
APID0626,0.08050579,0,1,1
APID0627,1.14259521,0,0,1
APID0628,-0.3339704,0,0,0
APID0629,0.34940856,1,2,0
APID0630,-0.1065167,0,2,1
APID0631,-0.8146854,1,0,1
APID0632,-0.8010421,1,1,1
APID0633,-0.5836749,0,1,1
APID0634,-0.4618228,0,1,0
APID0635,-0.7464837,1,0,1
APID0636,-0.1772332,0,0,0
APID0637,-0.2936612,1,1,0
APID0638,-0.0894108,1,1,0
APID0639,-0.4367195,0,1,1
APID0640,-0.3617253,0,1,0
APID0641,1.15889335,1,0,2
APID0642,-0.6777702,2,0,1
APID0643,0.36858142,1,1,2
APID0644,-0.1814535,0,1,0
APID0645,0.63812309,1,0,1
APID0646,-0.7900471,0,2,1
APID0647,-0.4312679,2,1,0
APID0648,-0.7523451,1,1,0
APID0649,-1.2220418,1,2,1
APID0650,1.00496454,0,1,0
APID0651,0.29165231,0,1,0
APID0652,-0.9287752,0,1,2
APID0653,-0.1652381,1,1,2
APID0654,0.42548349,1,1,NA
APID0655,-0.1623921,1,0,0
APID0656,-1.0538468,0,2,1
APID0657,-0.8955208,0,0,0
APID0658,2.0344653,2,0,0
APID0659,3.29179449,0,0,2
APID0660,-0.9221739,1,2,1
APID0661,0.1345345,0,1,1
APID0662,0.88987589,NA,2,2
APID0663,0.73665513,1,1,1
APID0664,-1.3954774,2,2,0
APID0665,0.48436447,0,0,0
APID0666,0.27313166,1,1,2
APID0667,-0.8883516,1,1,0
APID0668,-0.0323621,1,1,1
